frame_index,timestamp_ms,knee_angle_left,knee_angle_right,trunk_lean_angle,elbow_angle_left,elbow_angle_right,foot_strike_offset_left,foot_strike_offset_right,hip_height,knee_symmetry_diff,step_length,knee_rom_proxy
0,0.0,138.01602418280805,152.10683019415674,10.920635736680122,76.9408946651177,141.18746056732505,0.26494646072387695,-0.17066282033920288,0.4749194532632828,14.09080601134869,0.39876433510183884,0.07828225561860383
2,66.66666666666667,136.6972472671582,149.76989845483152,10.0649009854411,74.73971659027173,93.5765716337715,0.35166841745376587,-0.18470486998558044,0.48837053775787354,13.07265118767333,0.5178304743922126,0.0726258399315185
4,133.33333333333334,111.84428348788738,136.24993039747153,7.453153264595145,78.0429354242313,123.0598461894273,0.33697301149368286,-0.11597532033920288,0.5127457678318024,24.40564690958415,0.48015304266509573,0.1355869272754675
6,200.0,73.74948659133992,120.22864353024748,9.60299036271273,77.83601296322436,,0.2189897894859314,0.0192754864692688,0.5202690362930298,46.479156938907565,0.254548876260372,0.2582175385494865
8,266.6666666666667,98.33509089370537,149.65097593911239,10.488572425634183,65.08930517593961,,-0.1212567687034607,0.09570670127868652,0.522668868303299,51.315885045407015,0.24383371338736706,0.2850882502522612
10,333.3333333333333,96.9907803732155,160.32772603712942,9.039190288664129,62.89067604561362,85.41743319237366,-0.08598655462265015,0.24744248390197754,0.5042490661144257,63.33694566391392,0.341465321254508,0.35187192035507736
12,400.0,145.2203379710007,154.29893185526274,8.60317898186324,61.74370385355945,,-0.19444766640663147,0.32174152135849,0.46612221002578735,9.078593884262034,0.5208863462960233,0.05043663269034463
14,466.6666666666667,145.19424496300593,129.48890070283812,8.050477602363241,59.829083651903744,,-0.17088279128074646,0.3245967626571655,0.471732035279274,15.705344260167806,0.5178051767027471,0.08725191255648782
16,533.3333333333334,121.20521243537166,89.87540136852483,7.51276444641522,61.11067343993804,,-0.05969953536987305,0.24690556526184082,0.5022613406181335,31.32981106684683,0.3416086500307556,0.17405450592692684
18,600.0,62.32365386570693,90.20202994293156,7.869148562339508,71.13178719559511,,0.11810916662216187,0.1480303406715393,0.5274778008460999,27.87837607722463,0.033443619570844046,0.15487986709569238
20,666.6666666666666,62.436085774142505,127.56168983280011,11.664840345938497,81.98469664998551,,0.11508619785308838,0.09895753860473633,0.5191263258457184,65.12560405865761,0.043420700521668944,0.36180891143698674
22,733.3333333333333,154.73618013704578,143.65818774299603,12.720789025608253,70.5025267183824,,0.2761109471321106,-0.12246328592300415,0.5179326832294464,11.077992394049744,0.3832519137525905,0.061544402189165244
24,800.0,143.4201171316963,163.63343539791708,12.294651776389312,73.53693595393854,,0.3362491726875305,-0.19874528050422668,0.5064642429351807,20.213318266220796,0.5217485867832637,0.11229621259011553
26,866.6666666666667,117.71458512056405,144.1059928879229,10.422299408893041,76.06905825228164,,0.3383480906486511,-0.13005545735359192,0.4975087195634842,26.391407767358842,0.4745385893733258,0.14661893204088244
28,933.3333333333334,85.44500104828846,141.38724895808116,12.08064732731062,83.36952154242502,,0.25948548316955566,-0.08917456865310669,0.5154940485954285,55.9422479097927,0.367649257921005,0.310790266165515
30,1000.0,63.20540035655669,112.12928603359607,12.555234824402865,68.59122802993971,,0.11078780889511108,0.06836020946502686,0.5208490788936615,48.92388567703939,0.12261940079253257,0.27179936487244105
32,1066.6666666666667,79.91203062303381,154.99516984752165,11.825611536512143,66.53548050299106,,-0.002016782760620117,0.1937536597251892,0.5098083913326263,75.08313922448784,0.21936984956449426,0.41712855124715464
34,1133.3333333333333,133.21106919944606,162.44401236979257,11.316018196384993,61.349900185595885,,-0.16470521688461304,0.2932562232017517,0.46435484290122986,29.232943170346516,0.47002980956624824,0.16240523983525842
36,1200.0,134.29420664178863,139.6748642955154,10.123703267609633,57.037063283147546,,-0.17774227261543274,0.33048588037490845,0.47303780913352966,5.380657653726757,0.5293265425214785,0.029892542520704207
38,1266.6666666666665,116.79820242763155,116.11869255743653,8.61931035161817,55.52570418104242,,-0.07501649856567383,0.29069221019744873,0.49846141040325165,0.6795098701950195,0.4061988385397147,0.003775054834416775
40,1333.3333333333333,66.56048349239131,119.49938755253476,8.598802181412896,56.822145156786,,0.14698082208633423,0.10521262884140015,0.5188395082950592,52.93890406014344,0.11628867789126751,0.29410502255635246
42,1400.0,110.65024592326908,129.39273063083164,10.617329455229996,70.60938251784533,,0.12831753492355347,-0.1932307481765747,0.5171796381473541,18.742484707562554,0.3297576212115356,0.10412491504201418
44,1466.6666666666665,129.8206580576681,127.27950657807503,14.16571839305619,66.3550377098451,,0.2622106671333313,-0.11910498142242432,0.5078105032444,2.5411514795930827,0.3516203822450032,0.01411750821996157
46,1533.3333333333333,131.85382337927444,168.40554114798294,13.87932945618949,71.74217593070065,,0.311667263507843,-0.2068142294883728,0.4887610971927643,36.5517177687085,0.49023334718869277,0.20306509871504722
48,1600.0,122.83202653549698,150.11877461796973,10.59859279721235,84.23166646407469,,0.3579137921333313,-0.16439661383628845,0.47999490797519684,27.286748082472755,0.5074267111833879,0.15159304490262643
50,1666.6666666666667,82.74389913843552,125.24676888295303,9.376699205825702,80.69821549032542,,0.28540414571762085,-0.06326961517333984,0.5211881399154663,42.50286974451751,0.3857066374689306,0.2361270541362084
52,1733.3333333333335,67.19917425656311,110.45682754526882,11.105387218448318,66.93373339207116,,0.16868174076080322,0.04284566640853882,0.5254477560520172,43.25765328870571,0.1702412693457633,0.24032029604836505
54,1800.0,73.59429965962515,152.75775836001074,12.442921262331033,61.795940723837035,,0.014500021934509277,0.15057754516601562,0.5230763256549835,79.16345870038559,0.17254492922221887,0.43979699277991996
56,1866.6666666666667,126.20597374334649,161.22830791301143,11.222368064569814,63.53117855155203,,-0.14473211765289307,0.26321643590927124,0.48518671095371246,35.022334169664944,0.42829615773607765,0.19456852316480525
58,1933.3333333333333,137.27846121759575,175.22364588094294,7.4766146110889995,59.936643776263686,,0.17922323942184448,-0.14875373244285583,0.48507967591285706,37.94518466334719,0.34888613712349664,0.21080658146303996
60,2000.0,120.96132328305578,150.59485068437886,7.483382370880042,56.60241539077009,,-0.18376168608665466,0.268613338470459,0.49708695709705353,29.63352740132308,0.4414667225860443,0.16463070778512823
62,2066.6666666666665,95.9639416667493,83.43437562743817,7.633474515100468,60.70062014913231,,-0.035077571868896484,0.2090144157409668,0.5282591581344604,12.529566039311135,0.23478420217793539,0.06960870021839519
64,2133.3333333333335,96.231667583955,150.7342298967538,7.587479649207796,76.63273353450353,,0.06976437568664551,-0.17462465167045593,0.5296204090118408,54.50256231279879,0.2650249005700396,0.30279201284888213
66,2200.0,87.84264850657935,164.6626203106293,11.622039018778016,73.46822526767251,,0.015669584274291992,0.03789806365966797,0.5255821347236633,76.81997180404996,0.06876092699532203,0.42677762113361084
68,2266.6666666666665,151.89242206723947,155.75315588803346,11.176473601071695,76.38869869942855,,0.31065964698791504,-0.19035065174102783,0.5014307796955109,3.860733820793996,0.46587687786583437,0.02144852122663331
70,2333.3333333333335,125.36767732078555,140.8815735283912,10.542600388148935,75.77741466448067,,0.3556423783302307,-0.1922694742679596,0.49068737030029297,15.51389620760564,0.5075325894537122,0.08618831226447578
72,2400.0,103.52751719516445,143.80503927209017,8.718450470584957,83.78095337011867,,0.2912217378616333,-0.10427325963973999,0.5174493491649628,40.27752207692572,0.3877262570603812,0.22376401153847622
74,2466.666666666667,69.07756883197494,131.90640837114134,12.972746488551419,75.57846823526634,,0.1810663342475891,-0.13412141799926758,0.5267365872859955,62.828839539166395,0.341496025446978,0.3490491085509244
76,2533.333333333333,67.13016186295684,148.06706959846716,12.749123003346662,63.85776812810528,,0.028557121753692627,0.10504835844039917,0.5213114321231842,80.93690773551032,0.11602066774870379,0.4496494874195018
78,2600.0,105.07470821604288,161.32272407136017,11.159676354507233,63.372945703914404,,-0.11310833692550659,0.2585638761520386,0.49533604085445404,56.24801585531729,0.380995561326622,0.312488976973985
80,2666.6666666666665,140.78011927498164,149.75484114562641,9.89878957219204,57.817928354880785,,-0.2018766701221466,0.33423227071762085,0.4838709235191345,8.974721870644771,0.5295279857989025,0.049859565948026506
82,2733.3333333333335,130.73589140121535,133.76668167344437,8.89092563076813,56.68528760098194,,-0.17821037769317627,0.34032386541366577,0.4867546707391739,3.0307902722290123,0.533898527374314,0.016837723734605625
84,2800.0,131.24940215595547,115.20122672009941,8.791038266025092,54.339384418856326,,-0.2233574390411377,0.29012852907180786,0.5058733522891998,16.048175435856052,0.5377799017163847,0.08915653019920029
86,2866.6666666666665,63.89741618120168,145.24594486793333,9.030952808910236,64.99144479787475,,0.12615638971328735,-0.036101460456848145,0.5313822627067566,81.34852868673165,0.21780115052960763,0.45193627048184254
88,2933.333333333333,104.67561101474308,126.38115974857372,11.78346848277372,74.04214198640801,,0.12356412410736084,-0.05702012777328491,0.5256319344043732,21.70554873383064,0.18361992013271358,0.12058638185461466
90,3000.0,156.43644549376322,130.28648158934226,13.744369704844912,70.39333973679273,,0.27418947219848633,-0.10503804683685303,0.5185370445251465,26.149963904420957,0.3552798310350818,0.14527757724678309
92,3066.6666666666665,150.42432517095634,139.20490889956403,13.821488286450082,75.39571202597081,,0.345711886882782,-0.1998167634010315,0.5125354826450348,11.219416271392305,0.5225112956636053,0.06233009039662392
94,3133.3333333333335,118.56203573894535,138.2126639349177,10.893263778842075,79.43060741082272,,0.3420994281768799,-0.14218544960021973,0.5091522634029388,19.65062819597236,0.4890072563768115,0.10917015664429089
96,3200.0,86.47689799226715,137.93140122252169,13.374389511096592,80.77883415506106,,0.2643488049507141,-0.06617867946624756,0.5184289515018463,51.45450323025453,0.3564031935357422,0.28585835127919185
98,3266.6666666666665,61.63695698866996,112.50374647113347,12.788653099575702,68.8741869811637,,0.1310744285583496,0.059415340423583984,0.5182933807373047,50.86678948246351,0.14536073239448993,0.2825932749025751
100,3333.3333333333335,74.03011438777057,156.57566662612493,13.20801233711265,67.49298089680809,,0.0216253399848938,0.16163688898086548,0.5053391754627228,82.54555223835436,0.16981542155548857,0.4585864013241909
102,3400.0,99.48556496880762,161.6543000623432,11.857256129389826,68.99784263166195,,-0.08292403817176819,0.2562428116798401,0.4785693883895874,62.168735093535574,0.35563560383470355,0.3453818616307532
104,3466.666666666667,132.18854698875444,162.82649643083874,10.693156245761442,66.38662171965049,,-0.1638225018978119,0.3068193793296814,0.4617865979671478,30.637949442084306,0.47683229701395957,0.1702108302338017
106,3533.333333333333,147.28706454950193,155.12382346855728,9.8584100491182,62.93722609880836,,-0.19653218984603882,0.3402920365333557,0.46379049122333527,7.836758919055342,0.5439582278780841,0.043537549550307454
108,3600.0,149.7249157365619,148.71785272208052,9.004550099117663,61.10788287385465,,-0.19198721647262573,0.35531753301620483,0.47023050487041473,1.007063014481389,0.5602690486787241,0.0055947945248966055
110,3666.6666666666665,144.40653574479998,139.70650155924864,8.289184628720355,60.98119721251255,,-0.1763516068458557,0.3580086827278137,0.4736156612634659,4.7000341855513454,0.5579862719359544,0.02611130103084081
112,3733.3333333333335,139.9998251316272,131.47667857909616,7.514666112452198,59.40933002520202,,-0.15539640188217163,0.353229820728302,0.4763529747724533,8.523146552531045,0.5490837224462317,0.04735081418072803
114,3800.0,138.0433268601438,125.9147170991205,7.15441689822769,59.94041707267748,,-0.12622031569480896,0.35072189569473267,0.4790611267089844,12.128609761023299,0.5261936097413417,0.06738116533901832
116,3866.6666666666665,137.75323540129273,151.23758339378108,6.182748250999802,60.192377134237454,,-0.11465317010879517,0.2637553811073303,0.48293937742710114,13.484347992488352,0.4104476300212998,0.07491304440271307
118,3933.333333333333,126.72201483460368,147.03817776852722,6.354000919910007,57.19877367726574,,-0.11937642097473145,0.2477089762687683,0.4868738502264023,20.316162933923536,0.39758294549484074,0.11286757185513076
120,4000.0,128.40845715928887,114.61735510985065,6.845635335729854,54.06438490681802,,-0.10687914490699768,0.29979395866394043,0.4888302832841873,13.791102049438223,0.45314821448010684,0.07661723360799012
122,4066.6666666666665,106.76695949921412,132.9803936729629,6.855274434402377,55.396511571373516,,-0.04453977942466736,0.18807870149612427,0.4980181008577347,26.213434173748766,0.2693728272994931,0.14563018985415982
124,4133.333333333333,113.74496943075779,133.00404082740886,6.526086436934984,55.92345072366546,,-0.04772156476974487,0.20036840438842773,0.5005870461463928,19.259071396651066,0.2763286379864471,0.10699484109250593
126,4200.0,102.97692841097513,131.93840369380678,6.402771456252091,57.85805936512779,,-0.0472068190574646,0.210168719291687,0.511642187833786,28.961475282831643,0.2787763256626247,0.16089708490462024
128,4266.666666666667,81.52911390281781,137.8778966901998,5.91041377983787,59.0299857444819,,0.25500768423080444,-6.514787673950195e-05,0.5168086588382721,56.34878278738199,0.3242988868889849,0.3130487932632333
130,4333.333333333333,77.88569732668164,146.49497638315225,6.256211926170493,59.792683712453744,,0.17179924249649048,-0.003675997257232666,0.5192113518714905,68.60927905647061,0.24813574497257823,0.38116266142483674
132,4400.0,65.56796685471063,136.34158208521384,7.025202760182287,62.24669606404735,,0.22467029094696045,0.00299680233001709,0.5216871798038483,70.77361523050321,0.31059835605132546,0.3931867512805734
134,4466.666666666667,107.89946226051121,98.667523600463,7.524007566218983,64.8331388257381,,0.07364159822463989,0.07627362012863159,0.522559404373169,9.231938660048215,0.060662210658215546,0.05128854811137897
136,4533.333333333333,130.00113804256068,97.59342816343042,9.041758806251876,64.95175503593309,,-0.12039050459861755,0.1264336109161377,0.5246434211730957,32.407709879130266,0.2359899672520222,0.18004283266183482
138,4600.0,97.59329830669503,119.59440449404332,9.906679861266856,65.25452704023081,,-0.060827434062957764,0.059940457344055176,0.5248953402042389,22.001106187348284,0.1370010081437144,0.12222836770749047
140,4666.666666666667,62.51146259664465,128.3801825653643,9.611523275136598,66.76944643088066,,0.15096324682235718,-0.011636495590209961,0.5246639251708984,65.86871996871965,0.2339541235249955,0.36593733315955357
142,4733.333333333333,66.12604434899328,129.65042694038064,9.057881594220795,68.4371865953491,,0.15069538354873657,-0.0973266065120697,0.5281389057636261,63.524382591387365,0.3134305142962036,0.3529132366188187
144,4800.0,66.74644400437899,135.14977339672564,8.976826667230798,70.3385894911819,,0.14631372690200806,-0.09680396318435669,0.5280175805091858,68.40332939234665,0.3047391118844884,0.38001849662414805
146,4866.666666666666,89.38848539191692,119.0478948017617,9.248776727305467,71.32673743327388,,0.11903363466262817,-0.15902695059776306,0.5283020734786987,29.659409409844784,0.30543539667645275,0.1647744967213599
148,4933.333333333334,80.60471205833515,104.71429353155075,10.715136209696492,73.36578995304775,,0.09657245874404907,-0.09221678972244263,0.5254457592964172,24.1095814732156,0.19554748681506354,0.1339421192956422
150,5000.0,79.48989069634166,108.23979723121418,12.092945062883992,76.27676745345308,,-0.07411372661590576,0.09169965982437134,0.521071046590805,28.749906534872522,0.19610857543871907,0.159721702971514
152,5066.666666666666,89.51731952174211,123.92106168552843,12.258182223160986,75.76090225543537,,0.056383728981018066,-0.029358386993408203,0.5181959271430969,34.40374216378632,0.0522059934811186,0.191131900909924
154,5133.333333333333,115.65890517849756,126.99642914248594,12.272191524194868,74.48875003009272,,-0.21186774969100952,0.09722071886062622,0.5157424807548523,11.337523963988374,0.36253411815501424,0.06298624424437986
156,5200.0,102.96755373525514,120.04322225945029,12.807870551322184,72.40044124221976,,0.09794527292251587,0.04755431413650513,0.5133185982704163,17.07566852419515,0.01979605930354888,0.0948648251344175
158,5266.666666666667,95.64269036501133,130.04827974726894,12.86538143602267,70.76607727248256,,0.11869150400161743,0.060272276401519775,0.5097948312759399,34.4055893822576,0.019896058789994984,0.19114216323476446
160,5333.333333333333,95.31186374603206,138.44301895031606,12.95260364453889,69.25442126679422,,0.0932227373123169,0.08412891626358032,0.5101338028907776,43.131155204284,0.053488906387318784,0.2396175289126889
162,5400.0,130.58262984098062,136.70408547803532,12.666901015704994,68.26277342083155,,0.1645621657371521,0.07646405696868896,0.5087514817714691,6.121455637054709,0.037512924526426045,0.03400808687252616
164,5466.666666666667,102.05804413970905,143.90684382742577,13.12592424143297,70.2303249095928,,0.08103448152542114,0.09722810983657837,0.506089985370636,41.84879968771672,0.07804907948724471,0.23249333159842622
166,5533.333333333333,145.60625815435733,137.94823855908328,13.27931053314917,72.64638439663754,,0.23705220222473145,-0.03783541917800903,0.5064032971858978,7.658019595274055,0.22106080383805357,0.042544553307078084
168,5600.0,146.00241194198261,166.72708442100242,13.505648528208056,74.27801967728684,,0.26616060733795166,-0.08674395084381104,0.5026146471500397,20.7246724790198,0.3001955825185205,0.11513706932788778
170,5666.666666666667,147.46308640599847,143.94167701133608,13.288194874192799,76.84464781819167,,0.2781698703765869,-0.10697811841964722,0.5003765225410461,3.521409394662385,0.332359246613906,0.019563385525902137
172,5733.333333333333,143.9904277985924,148.81010400871912,13.119850974986011,77.67999199175017,,0.2834179401397705,-0.12557357549667358,0.4963058978319168,4.819676210126715,0.3564653864412693,0.02677597894514842
174,5800.0,142.98863763524736,159.7327337158537,12.59500688941695,78.94110387356069,,0.28517258167266846,-0.15168049931526184,0.4906192719936371,16.74409608060634,0.38479671068525284,0.09302275600336855
176,5866.666666666666,159.45421953917105,156.69446684853997,11.810031368921392,78.94678370556612,,0.3035620450973511,-0.15874212980270386,0.48522473871707916,2.7597526906310748,0.41958292380190926,0.01533195939239486
178,5933.333333333334,124.19874333104968,152.7965223834498,11.337014022827795,77.79064683340442,,-0.10628533363342285,0.2524273991584778,0.48409247398376465,28.597779052400114,0.4142031273327837,0.15887655029111175
180,6000.0,141.93003639590063,120.41892197187991,10.411864507589302,78.04134300848645,,-0.05127054452896118,-0.11614614725112915,0.4831431955099106,21.511114424020718,0.044109233842361345,0.11950619124455955
182,6066.666666666666,157.53500233463848,148.36322617587982,8.862160309930626,77.87960179844778,,0.309478223323822,-0.16772162914276123,0.48071520030498505,9.17177615875866,0.45884272871068454,0.05095431199310367
184,6133.333333333333,157.52556536139153,146.68834089758502,8.193505754008287,78.9240999846573,,0.34346693754196167,-0.1760217845439911,0.4820738285779953,10.837224463806507,0.5173481071472962,0.060206802576702814
186,6200.0,154.09429565909375,151.3417317784594,7.898179318527714,79.14947837204485,,0.350688099861145,-0.1764068305492401,0.4828271120786667,2.752563880634341,0.5314673404677701,0.01529202155907967
188,6266.666666666667,150.72403072355354,150.94513308346023,7.574783900625269,80.70935799542808,,0.3558310866355896,-0.17599159479141235,0.48299145698547363,0.2211023599066948,0.5394988182195111,0.0012283464439260823
190,6333.333333333333,144.47594653791808,157.55862330944547,7.809225937818024,80.11128862809295,,0.36390775442123413,-0.180032879114151,0.4827233701944351,13.082676771527389,0.5450439035164525,0.0726815376195966
192,6400.0,141.8396363939461,156.60299802756577,7.782446222753955,80.19197307745036,,0.36633938550949097,-0.1733958125114441,0.4821598529815674,14.763361633619667,0.5473109583170047,0.08201867574233149
194,6466.666666666667,138.44894560419462,156.08074667971647,7.607170596398963,81.19715910428936,,0.3645765781402588,-0.16385698318481445,0.483715683221817,17.63180107552185,0.5447032236305096,0.09795445041956582
196,6533.333333333333,135.92551569929333,155.85390633029766,7.66274441940974,83.51467491791527,,0.3667830228805542,-0.16343295574188232,0.48235106468200684,19.928390631004333,0.5431290174899676,0.1107132812833574
198,6600.0,131.89436958578173,156.22994230961433,7.659695722153106,85.36851599211985,,0.3678712844848633,-0.16041702032089233,0.48213991522789,24.3355727238326,0.5356255612289065,0.13519762624351445
200,6666.666666666667,126.36618142973342,151.85237555259798,7.380489512664274,85.8850722721216,,0.37950456142425537,-0.1632947325706482,0.4824185371398926,25.48619412286456,0.5377039940460105,0.14158996734924756
202,6733.333333333333,123.19018397422965,152.87867102721415,7.411153620201409,85.47036188452287,,0.37991732358932495,-0.15941846370697021,0.4838181734085083,29.6884870529845,0.5343774593201174,0.16493603918324723
204,6800.0,118.96564289591653,152.76707985674807,6.528979599129997,86.96480065172689,,0.379094660282135,-0.1592257022857666,0.4950445890426636,33.80143696083154,0.5326677703566244,0.18778576089350854
206,6866.666666666666,113.26992564760003,148.41773357588505,6.47439933066924,85.51751302348674,,0.37692922353744507,-0.1433836817741394,0.49758702516555786,35.14780792828502,0.5178644903130348,0.19526559960158343
208,6933.333333333334,107.30467889185965,145.6695334832606,6.309070913860526,83.986712967092,,0.36892104148864746,-0.12528866529464722,0.5031880736351013,38.364854591400956,0.4993802288007327,0.21313808106333865
210,7000.0,100.50838248471183,142.12805779398215,5.990773731341194,84.02230759884615,,0.3606381416320801,-0.08628597855567932,0.5054512619972229,41.61967530927032,0.46977859563498575,0.23122041838483512
212,7066.666666666666,103.06195007279402,146.1448995720747,6.470089189009118,82.73081710283111,,0.34124886989593506,-0.07007330656051636,0.5082972347736359,43.08294949928069,0.4378738383751593,0.23934971944044825
214,7133.333333333333,88.7760336673223,145.64403001197942,7.473278345000205,81.26753682413634,,0.3279639482498169,-0.049983978271484375,0.5071327090263367,56.86799634465713,0.4165317887274179,0.31593331302587296
216,7200.0,85.09418488811666,144.68974983324856,7.4758053002823885,77.88268493158859,,0.31757068634033203,-0.034708380699157715,0.5107759833335876,59.5955649451319,0.39666021696635184,0.3310864719173994
218,7266.666666666667,83.31959642227685,141.18385726175725,7.421407500671382,79.07059904055595,,0.29584741592407227,-0.024104773998260498,0.5135551393032074,57.86426083948041,0.366164198612815,0.32146811577489115
220,7333.333333333333,88.0722969555131,137.72857939304552,7.392337195571957,77.61879919178914,,0.2692573666572571,-0.02246922254562378,0.5198071002960205,49.656282437532425,0.332642785983226,0.27586823576406905
222,7399.999999999999,85.86524183622535,132.0258339595152,7.538426125639229,78.60552248062967,,0.2534504532814026,-0.009033739566802979,0.5211913883686066,46.16059212328986,0.30849558245374104,0.256447734018277
224,7466.666666666667,85.21133613361799,125.85132370403436,8.115571747005417,81.99593797104234,,0.2422579526901245,-0.007611870765686035,0.519540011882782,40.639987570416366,0.2902711241454864,0.22577770872453537
226,7533.333333333333,72.10615712971465,148.43069342987883,8.231185973427582,82.1319340195443,,0.22088581323623657,-0.1001649796962738,0.5222252607345581,76.32453630016418,0.35326381200054807,0.4240252016675788
228,7600.0,66.70755431300475,142.4621645446258,9.392946633199498,81.07164110090164,,0.20429587364196777,-0.097654789686203,0.5225525498390198,75.75461023162106,0.3339520778494614,0.4208589457312281
230,7666.666666666667,63.62448339697039,130.62163902720323,10.255060726705677,79.8324979602506,,0.18768590688705444,-0.08081227540969849,0.522270917892456,66.99715563023284,0.29045444183886754,0.37220642016796024
232,7733.333333333333,63.249292481452606,102.8129246053366,10.879335859699529,77.45782384880866,,0.16879117488861084,0.03866499662399292,0.5223850905895233,39.563632123884,0.17977317238234325,0.2197979562438
234,7800.0,60.49398295212952,103.37719132259981,11.234424098124302,74.52089485877976,,0.17013347148895264,-0.01095736026763916,0.522188812494278,42.88320837047029,0.20383438129694348,0.23824004650261274
236,7866.666666666666,63.096582871108055,107.55661884375552,11.121225664468783,71.86403630967966,,0.14713281393051147,-0.024187803268432617,0.5192565321922302,44.46003597264746,0.19035687909087695,0.24700019984804145
238,7933.333333333334,62.81689261713609,109.35883098612659,11.463688941950892,70.08902951004399,,0.04630047082901001,0.07470250129699707,0.5165790319442749,46.5419383689905,0.09202278092774809,0.25856632427216947
240,8000.0,93.83547148993281,119.30909660401717,11.444640667649798,69.53736485421567,,-0.16085457801818848,0.11120551824569702,0.5151694118976593,25.473625114084356,0.28840835534924125,0.14152013952269088
242,8066.666666666666,119.56366895778386,129.44959201118002,11.84279022861444,69.14342868251387,,-0.24806171655654907,0.1145743727684021,0.5115670561790466,9.885923053396155,0.3822706513152206,0.05492179474108975
244,8133.333333333333,117.13912639901714,145.65186644542158,12.319811826099087,68.50224086410064,,-0.23897090554237366,0.08382236957550049,0.5082486569881439,28.51274004640443,0.3491764792341654,0.1584041113689135
246,8200.0,110.2591288800291,154.73401297705777,11.914291730060492,67.91124856865012,,-0.20610183477401733,0.09198886156082153,0.5037417113780975,44.47488409702868,0.31961009013583175,0.2470826894279371
248,8266.666666666666,98.97866705426195,156.4245854776945,11.50129953652609,69.10905100093532,,-0.16753464937210083,0.11512523889541626,0.49769875407218933,57.44591842343256,0.29845701238776917,0.319143991241292
250,8333.333333333334,77.48633798273391,157.38132253153353,11.857541413660805,69.07079759501896,,-0.06122756004333496,0.14573389291763306,0.4932639002799988,79.89498454879961,0.21691859522416534,0.44386102527110893
252,8400.0,76.05795565341809,157.35111952482856,12.010085454702725,67.91966157648058,,-0.025177419185638428,0.1768171787261963,0.493686705827713,81.29316387141047,0.2175321114356211,0.45162868817450263
254,8466.666666666666,77.60809435169823,157.48277724526974,12.04785803472856,67.03904620280866,,-0.030224382877349854,0.19610148668289185,0.4948253184556961,79.87468289357152,0.24225189925159812,0.44374823829761956
256,8533.333333333334,79.67787325235115,154.17082801631025,12.037190905159475,67.90949787363014,,-0.03717303276062012,0.2142356038093567,0.49537211656570435,74.4929547639591,0.2666508035213756,0.4138497486886617
258,8600.0,87.85162042761307,155.98572016216542,11.659671023784291,66.74086055647655,,-0.0748593807220459,0.2346845269203186,0.4889431744813919,68.13409973455235,0.3237752863393288,0.37852277630306863
260,8666.666666666666,94.70078133211916,156.76337887007193,11.245539888937365,66.92478408944712,,-0.10130113363265991,0.2484622597694397,0.4808170348405838,62.06259753795277,0.36066316501180357,0.344792208544182
262,8733.333333333332,105.02396872856762,159.92948457341234,10.58657457881639,66.71779823777973,,-0.11480310559272766,0.25935906171798706,0.4741455614566803,54.905515844844714,0.39005772252313464,0.3050306435824706
264,8800.0,115.01008117006091,162.5870803810889,10.280772739282611,65.1377255933142,,-0.1293812394142151,0.2721295952796936,0.4694055765867233,47.57699921102798,0.41636489280162586,0.26431666228348877
266,8866.666666666668,127.87181293370828,162.40877543729215,9.963307367236158,62.710448467545845,,-0.15953105688095093,0.28629744052886963,0.46677424013614655,34.536962503583865,0.4639754137875972,0.19187201390879924
268,8933.333333333334,139.17797545553546,162.1101327829774,9.443244765199424,61.33742277791069,,-0.17831087112426758,0.29643821716308594,0.4635726511478424,22.932157327441928,0.49636366208810767,0.12740087404134404
270,9000.0,148.95660521958374,160.78371088633227,8.162202012976145,59.27492301154487,,-0.18936657905578613,0.30494701862335205,0.4611820578575134,11.827105666748537,0.5238327682752134,0.06570614259304743
272,9066.666666666666,151.1244435792663,158.8508403320454,7.744082651390722,60.37891351393339,,-0.19919046759605408,0.3109681010246277,0.46320678293704987,7.726396752779095,0.5402428294483181,0.04292442640432831
274,9133.333333333332,154.3993508356775,174.065609510802,7.125269939525771,60.317822385192244,,-0.1855972707271576,0.18631643056869507,0.46473468840122223,19.66625867512451,0.39427678203725114,0.10925699263958061
276,9200.0,157.2414771249781,158.13277729589845,6.5756470485180225,59.551725067964,,-0.20085081458091736,0.30335533618927,0.4653231352567673,0.8913001709203456,0.5276805978041914,0.004951667616224143
278,9266.666666666666,151.63064562263625,150.63678769375335,6.157258536116674,58.98517530399434,,-0.20696312189102173,0.33525216579437256,0.4658278673887253,0.9938579288829033,0.5677617261531436,0.005521432938238351
280,9333.333333333334,151.35997839893037,147.5583512721906,5.4169636235452385,57.905070255928706,,-0.20097818970680237,0.3500552177429199,0.47089655697345734,3.80162712673976,0.5790289834223613,0.021120150704109778
282,9400.0,146.79688960716203,145.82633003200397,5.239690025519833,57.10310965126574,,-0.18983939290046692,0.35822606086730957,0.4745330810546875,0.9705595751580631,0.5721844429465858,0.005391997639767017
284,9466.666666666666,151.11253798818223,142.3299740553312,5.103687436441125,55.82747235769908,,-0.18098682165145874,0.3638116121292114,0.476698562502861,8.78256393285102,0.5723706168912219,0.04879202184917233
286,9533.333333333334,149.9149490070528,136.78097765088756,5.3761026534190455,55.042023078222726,,-0.177686870098114,0.3598586320877075,0.47674840688705444,13.133971356165233,0.567481874496348,0.0729665075342513
288,9600.0,149.11818985980761,132.06622519434,5.417840282799476,54.661355882633416,,-0.1715928018093109,0.35854804515838623,0.47798970341682434,17.051964665467608,0.5637191258604476,0.0947331370303756
290,9666.666666666666,143.9270125108236,126.29231772103226,5.531662043580288,54.11940214093577,,-0.1441633403301239,0.35281991958618164,0.4802442789077759,17.63469478979134,0.5397493085102594,0.09797052660995188
292,9733.333333333332,139.97556245881879,122.14323338020343,5.422262762827443,54.63649004476954,,-0.12303569912910461,0.3499753475189209,0.48251238465309143,17.83232907861536,0.5191105160002288,0.09906849488119644
294,9800.0,136.11743992919503,115.76169495180626,5.217056699596811,53.8639312146316,,-0.10915592312812805,0.3480845093727112,0.4883454144001007,20.355744977388767,0.5094616340127177,0.11308747209660426
296,9866.666666666668,131.8296024020236,111.31377849478697,5.426570767172944,53.426921439865886,,-0.08957627415657043,0.3442390561103821,0.4916750639677048,20.515823907236623,0.49439901979471534,0.11397679948464791
298,9933.333333333334,98.05157686037256,139.38224891167272,5.865543116694031,55.774141001594465,,-0.02354288101196289,0.22211146354675293,0.4953955411911011,41.330672051300155,0.27211644436578303,0.2296148447294453
300,10000.0,68.1100340881148,179.28004747585533,6.41393523307172,57.53824289243436,,0.17956387996673584,-0.048583269119262695,0.496364563703537,111.17001338774052,0.2737119735115889,0.6176111854874473
302,10066.666666666666,80.10942608477438,132.30565868404295,6.641297910827357,58.928182773232905,,0.06108057498931885,0.11364459991455078,0.49672339856624603,52.19623259926857,0.1309675154797339,0.2899790699959365
304,10133.333333333332,75.17145908735066,156.04030249728007,6.505676719163853,60.14732757194385,,0.14115941524505615,-0.020266592502593994,0.5020779371261597,80.86884340992941,0.22398874601119312,0.4492713522773856
306,10200.0,103.53454763284354,85.39889841776777,6.749335541488136,60.066453682178015,,0.06319397687911987,0.21975725889205933,0.5141735970973969,18.135649215075773,0.22092882028213898,0.10075360675042096
308,10266.666666666666,105.76940632687457,79.09887498467216,7.791380783519683,60.854565176980365,,0.04277735948562622,0.24856144189834595,0.5183900594711304,26.67053134220241,0.27418139130657665,0.14816961856779115
310,10333.333333333334,118.37707455508132,76.09088594688323,8.192126473965029,62.00440029697046,,-0.17059573531150818,0.2445439100265503,0.5230642557144165,42.28618860819809,0.4409952378947803,0.23492327004554495
312,10400.0,108.80958202905428,70.85284111546427,7.942843492020995,63.46616833323779,,-0.027011096477508545,0.24532443284988403,0.5263175070285797,37.95674091359001,0.32382043716112013,0.21087078285327784
314,10466.666666666666,108.90432110877776,74.15330479035937,8.552380612547216,67.19716106160563,,0.013390123844146729,0.2108374834060669,0.5234545469284058,34.751016318418394,0.25478393959628537,0.19306120176899108
316,10533.333333333334,112.51247456458164,67.8600999186765,8.352964287181335,69.83259851268656,,0.04755669832229614,0.20569056272506714,0.5271695852279663,44.65237464590514,0.2546859433159831,0.24806874803280635
318,10600.0,111.8219587202896,70.75077533166545,7.838907714686048,70.82597730459707,,0.05176633596420288,0.19000744819641113,0.530227929353714,41.07118338862415,0.2306409942445755,0.22817324104791195
320,10666.666666666666,92.26646019127155,74.67716035624721,7.237488421074938,72.37019976466152,,0.07158321142196655,0.1740618348121643,0.5297544002532959,17.589299835024335,0.13262512792413036,0.09771833241680186
322,10733.333333333332,64.74702949589987,110.79179282231864,7.845429090978122,72.67652322460505,,0.14800095558166504,0.10046535730361938,0.5302137136459351,46.044763326418774,0.18736400097731742,0.25580424070232655
324,10800.0,63.18381547895877,110.44258386881411,7.8486067622539135,74.3478699031327,,0.14255917072296143,0.06987518072128296,0.5318858325481415,47.25876838985534,0.1558863579157252,0.2625487132769741
326,10866.666666666668,65.93381116546651,115.61514850982046,8.191063265689946,74.31879641571604,,0.13177895545959473,-0.0316394567489624,0.5325599908828735,49.68133734435395,0.22190315089854912,0.2760074296908553
328,10933.333333333334,81.64750533546594,130.29537845063328,9.609453707550037,72.25337545378535,,0.13867467641830444,-0.16769802570343018,0.5321148037910461,48.64787311516734,0.3398014119262276,0.2702659617509297
330,11000.0,93.2005977862192,103.59157866694297,10.919412324627169,70.91162581343777,,0.11566364765167236,-0.06635189056396484,0.523875892162323,10.39098088072376,0.19390545064109949,0.05772767155957644
332,11066.666666666666,123.8684727803625,153.9398414438442,11.289203214987712,72.26149193834921,,0.13100337982177734,-0.32373374700546265,0.5200276076793671,30.071368663481692,0.4641388564430186,0.16706315924156495
334,11133.333333333332,121.34288052621723,128.946578932813,11.978951638510067,71.17851811531986,,0.14495432376861572,-0.2095109522342682,0.5171998739242554,7.603698406595768,0.3447551579065678,0.04224276892553205
336,11200.0,121.8114657099359,108.03933045844438,12.743683033462474,70.91625751230664,,0.13061892986297607,0.014180243015289307,0.5159795880317688,13.77213525149152,0.09306175422186695,0.07651186250828622
338,11266.666666666666,90.58905194814612,129.5836356269697,12.680828798134163,71.57455420911151,,0.13252699375152588,0.050170838832855225,0.5159554183483124,38.99458367882359,0.03997316678292523,0.21663657599346436
340,11333.333333333334,73.02952612677785,134.09996343403057,13.516549398279851,71.87073796825743,,0.045577168464660645,0.1321430802345276,0.5164297521114349,61.07043730725272,0.16576649652159842,0.3392802072625151
342,11400.0,71.37569856928496,135.823930542153,14.322560621494704,71.8787805774597,,0.011717379093170166,0.1474326252937317,0.5156916975975037,64.44823197286803,0.21821405672801056,0.3580457331826002
344,11466.666666666666,72.74139083988737,140.36997316745698,14.33986598931082,72.94796318866426,,0.012800633907318115,0.13391906023025513,0.514374852180481,67.6285823275696,0.19949612444855788,0.3757143462642756
346,11533.333333333334,78.01530056457658,140.73758092549497,13.783004664279686,74.736088119814,,-0.007540762424468994,0.18422001600265503,0.5137314796447754,62.72228036091839,0.2673088006884185,0.3484571131162133
348,11600.0,83.18518053522816,139.37338331343474,14.273811990318599,74.29417237639302,,-0.02845180034637451,0.20667803287506104,0.5076527297496796,56.18820277820659,0.3125448492494269,0.3121566821011477
350,11666.666666666666,88.06046177981483,140.3449941014462,14.991275902758554,76.86454180539867,,-0.048900067806243896,0.2095661759376526,0.5027752071619034,52.28453232163136,0.3404286250430485,0.2904696240090631
352,11733.333333333332,93.5574210717953,143.10198024170452,14.393049725723914,76.28112298982997,,-0.06920802593231201,0.21940970420837402,0.4998528063297272,49.54455916990922,0.3671123251594463,0.2752475509439401
354,11800.0,107.04578405281723,168.75485788550318,14.233735261945053,77.47918210409635,,0.10536623001098633,0.05881226062774658,0.496064230799675,61.70907383268596,0.061856997126718924,0.3428281879593664
356,11866.666666666668,138.7486194254311,162.89128662109593,14.134878127235279,77.67086819907658,,0.23346585035324097,-0.15847373008728027,0.4895191341638565,24.142667195664842,0.3236762490400027,0.13412592886480468
358,11933.333333333334,125.66066797447849,148.17013341055798,13.702297195078716,76.73126979246575,,-0.11423921585083008,0.22535020112991333,0.48659342527389526,22.509465436079495,0.414267554326665,0.1250525857559972
360,12000.0,125.95877858863574,149.75398759250402,13.434801507478053,76.91279642118324,,-0.12930795550346375,0.2571476101875305,0.4859309792518616,23.79520900386828,0.4581535822797245,0.132195605577046
362,12066.666666666666,158.9023453491025,160.39913969094167,12.284813495762961,77.29678417019528,,0.32494181394577026,-0.17860481142997742,0.4854057878255844,1.496794341839177,0.4550615430332984,0.00831552412132876
364,12133.333333333332,159.10242982061402,160.7061707230213,12.241151783901678,77.00690612885167,,0.34871309995651245,-0.20096972584724426,0.4861125946044922,1.6037409024072815,0.5148563279202002,0.008909671680040452
366,12200.0,156.9394152735101,157.6404127608217,11.623329164232475,77.36219250411266,,0.35067349672317505,-0.20429828763008118,0.48608240485191345,0.7009974873116107,0.5288293585687077,0.003894430485064504
368,12266.666666666666,153.27033350883576,155.6737267095672,10.968309326110923,77.85490213285186,,0.3561885952949524,-0.20000049471855164,0.4872200936079025,2.4033932007314434,0.5351530177009112,0.013352184448508018
370,12333.333333333334,150.8563030522597,145.5046863453662,10.448477706505912,78.34065861862724,,0.3582350015640259,-0.18923750519752502,0.48766957223415375,5.351616706893509,0.5423489798787678,0.029731203927186162
372,12400.0,145.84816606441186,143.56402202230265,10.811708636875682,78.19828242534606,,0.3597943186759949,-0.19107821583747864,0.488454207777977,2.2841440421092045,0.5436074551775283,0.012689689122828914
374,12466.666666666666,139.30393487534909,150.43883466575846,11.129263884767491,78.53039702039426,,0.3617279529571533,-0.1950233280658722,0.48897698521614075,11.134899790409378,0.5479363071581571,0.06186055439116321
376,12533.333333333334,134.8779562204289,148.03410351898955,10.955712806712839,78.3489129689515,,0.361661434173584,-0.18998005986213684,0.4905996024608612,13.156147298560654,0.5471379791512528,0.07308970721422586
378,12600.0,132.99914684022443,149.19023317013492,10.135894936356419,79.5417423544862,,0.370103657245636,-0.19212132692337036,0.4909510612487793,16.19108632991049,0.5457250895116991,0.08995047961061384
380,12666.666666666666,128.5502440124015,145.3297648461707,10.30605674282143,79.43527523580985,,0.3705325126647949,-0.1815163493156433,0.4938086271286011,16.779520833769197,0.5367994609643928,0.09321956018760666
382,12733.333333333332,127.47575744778983,144.75955850344545,9.559212592377134,80.83955359103456,,0.37460315227508545,-0.16892951726913452,0.49382293224334717,17.283801055655616,0.5230336883562169,0.09602111697586453
384,12800.0,124.76462313429525,146.42996628158136,8.332679727801462,81.66836235762447,,0.37316399812698364,-0.1446860432624817,0.4926565885543823,21.66534314728611,0.512014226502081,0.12036301748492283
386,12866.666666666668,113.46843744363879,148.90500676111034,8.680782380638567,79.93527824008804,,0.37201422452926636,-0.14017868041992188,0.4936665743589401,35.43656931747155,0.5136162569068539,0.1968698295415086
388,12933.333333333334,113.63375366571674,150.31133636904255,8.77784830334111,80.19613508990784,,0.37171393632888794,-0.13273537158966064,0.5015538334846497,36.67758270332581,0.5030842060350931,0.20376434835181007
390,13000.0,103.63538740611311,146.21997893553672,9.262436388259834,78.51974593842257,,0.3679073452949524,-0.10582122206687927,0.5016095340251923,42.584591529423605,0.4826593545713319,0.23658106405235335
392,13066.666666666666,109.88384106832184,146.19552512108098,9.468621630069876,79.2690025275655,,0.3468084931373596,-0.09076184034347534,0.5018386542797089,36.311684052759134,0.4521881977752403,0.20173157807088407
394,13133.333333333332,86.91012505934962,138.44027810312318,9.478788784339923,76.39967132229607,,0.31670671701431274,-0.0661836564540863,0.5089176297187805,51.53015304377355,0.4083788342444799,0.28627862802096415
396,13200.0,80.9305951239641,132.79675878269214,9.547665795986221,73.54802826131052,,0.3010166883468628,-0.05546611547470093,0.5144006609916687,51.86616365872804,0.386820171737931,0.28814535365960026
398,13266.666666666666,78.83600978013976,119.53016893715159,9.289291209780464,72.96299322180337,,0.2918926477432251,-0.0394936203956604,0.5185914635658264,40.694159157011825,0.37216021282981965,0.22607866198339902
400,13333.333333333334,77.09659909230673,121.41673549796573,8.60161629615188,75.25038891762902,,0.27726250886917114,-0.03887820243835449,0.5196909308433533,44.320136405659,0.34970981901095877,0.2462229800314389
402,13400.0,80.39686375752206,118.8733173277389,8.803482891201039,76.02654491406489,,0.26022887229919434,-0.03454017639160156,0.5182172060012817,38.47645357021685,0.328874786441425,0.2137580753900936
404,13466.666666666666,83.96842706214916,129.70354159098645,9.070876027977233,79.36784957764533,,0.242698073387146,-0.011554718017578125,0.5195480287075043,45.735114528837286,0.2859207105526296,0.25408396960465157
406,13533.333333333334,79.09297948185524,129.574706991526,9.56317518686731,80.39051778043816,,0.2352581024169922,-0.0029331445693969727,0.5190189778804779,50.48172750967076,0.26134294063618535,0.2804540417203931
408,13600.0,78.5682508662781,124.4227648074791,10.639959714213964,77.96697074730118,,0.21066612005233765,0.01411062479019165,0.5193921625614166,45.85451394120099,0.23007229651455913,0.25474729967333887
410,13666.666666666666,70.63307024661454,124.13672758272807,11.27262729861458,75.9606318119891,,0.20083260536193848,0.029779493808746338,0.5216080844402313,53.503657336113534,0.214589439748833,0.2972425407561863
412,13733.333333333332,65.95595597781536,118.4011231979745,12.061069137642711,75.15184580928785,,0.17343419790267944,0.0472714900970459,0.5234196186065674,52.445167220159135,0.1892950933930843,0.2913620401119952
414,13799.999999999998,65.86442854991661,114.39076159809403,11.755717076215817,71.28689962664552,,0.15356671810150146,0.06206125020980835,0.5240957736968994,48.52633304817742,0.15682194448265077,0.26959073915654125
416,13866.666666666668,64.84579817955753,119.89672936753573,11.239701389893002,69.42858259633711,,0.14041632413864136,0.0666458010673523,0.5231689214706421,55.05093118797819,0.12697538971413072,0.3058385065998789
418,13933.333333333334,62.054359014662346,118.29656303885793,10.981599756350107,68.74460964233839,,0.10808748006820679,0.08543264865875244,0.5228943228721619,56.24220402419558,0.09668153063863363,0.31245668902330875
420,14000.0,58.16936567315014,122.65910368259914,10.665637803157011,68.66144698459924,,0.06127810478210449,0.09727740287780762,0.5222364664077759,64.489738009449,0.10966383900213139,0.3582763222747167
422,14066.666666666666,60.418611026583825,126.72267886707586,10.343753257916399,69.18425774025964,,0.0447230339050293,0.10574901103973389,0.5211452841758728,66.30406784049202,0.1228847696813195,0.3683559324471779
424,14133.333333333332,64.81668077305646,141.87322700970955,10.86587251777927,69.64581236624718,,0.05081731081008911,0.09496080875396729,0.5130501985549927,77.05654623665309,0.11350500174358114,0.4280919235369616
426,14200.0,69.40897767141624,148.8676855588043,11.79103071277649,69.7664876323899,,0.03352457284927368,0.08369559049606323,0.5048758089542389,79.45870788738807,0.09939727834657835,0.44143726604104483
428,14266.666666666666,69.79318695008546,149.8106184222683,12.48086227103238,68.83364063170191,,0.015991508960723877,0.11163824796676636,0.5027344822883606,80.01743147218285,0.1205442166393085,0.4445412859565714
430,14333.333333333334,72.42307827395675,150.6731263295081,12.28482997447535,70.09504840663493,,0.010095596313476562,0.13420706987380981,0.500703752040863,78.25004805555136,0.13954594635376494,0.43472248919750756
432,14400.0,76.22206095326581,149.86284849450882,12.514934656948174,69.57680056653793,,-0.007065236568450928,0.16520756483078003,0.4957125037908554,73.64078754124301,0.19237121468189045,0.409115486340239
434,14466.666666666666,80.44518492903397,146.97129414344755,12.54292042337882,68.60373163858304,,-0.026806652545928955,0.17456024885177612,0.49250584840774536,66.52610921441358,0.21422977080532743,0.369589495635631
436,14533.333333333334,84.01078894400507,150.03940685129763,12.286549720738488,68.14197463664048,,-0.05053520202636719,0.19445937871932983,0.4892009347677231,66.02861790729256,0.2556111939064848,0.3668256550405142
438,14600.0,89.25220049692304,152.9711914012897,11.381972383377207,67.30715353483626,,-0.0784069299697876,0.2222633957862854,0.48630303144454956,63.71899090436666,0.3029442068256805,0.35399439391314813
440,14666.666666666666,95.34047301056152,157.64731868892162,10.648993817643326,67.41583938616432,,-0.09523627161979675,0.2447742223739624,0.48159027099609375,62.30684567836009,0.33520126881557205,0.3461491426575561
442,14733.333333333332,99.47912061425298,159.00235001209649,10.057456171160753,65.09683130035785,,-0.1095433235168457,0.2571483254432678,0.48173387348651886,59.52322939784351,0.3646074211584315,0.3306846077657973
444,14799.999999999998,105.41548271740119,159.09308402792522,9.20951893819071,64.17388738203121,,-0.12424233555793762,0.2740379571914673,0.47960540652275085,53.677601310524025,0.40359649622559435,0.2982088961695779
446,14866.666666666668,111.8477789589304,160.4441926675349,8.681752720846497,63.83167271417648,,-0.14380592107772827,0.2809382677078247,0.47617876529693604,48.5964137086045,0.43110057843461375,0.2699800761589139
448,14933.333333333334,121.47085978953702,161.31638146889253,8.252889764875343,62.93140705246584,,-0.1564539074897766,0.29148954153060913,0.47270797193050385,39.845521679355514,0.457399128686146,0.22136400932975286
450,15000.0,133.84500695515916,161.15791175410362,7.954217556202755,62.433718248106956,,-0.17448341846466064,0.2996635437011719,0.4679477661848068,27.31290479894446,0.4850921331820515,0.15173835999413587
452,15066.666666666666,143.85565171861865,161.03506545667645,7.8726995601644125,61.204560661395725,,-0.18869566917419434,0.3039560914039612,0.4637655168771744,17.179413738057804,0.505647515085222,0.09544118743365447
454,15133.333333333332,151.11317688795205,158.45200049858627,7.079257456083656,60.777815712029245,,-0.19805994629859924,0.31133460998535156,0.461579367518425,7.338823610634222,0.5260462767096585,0.04077124228130123
456,15200.0,153.36843165204067,156.42774327191253,6.416790642581391,59.28068990732966,,-0.20518752932548523,0.32302403450012207,0.4628160148859024,3.0593116198718633,0.5419433950240268,0.016996175665954797
458,15266.666666666666,155.70614817657525,154.51903820298276,5.823004653536345,57.82455372875194,,-0.20473307371139526,0.32700395584106445,0.4635833203792572,1.1871099735924986,0.5488780493691702,0.006595055408847215
460,15333.333333333334,156.37045166872838,151.99294129393772,5.285452416288344,57.81413192181243,,-0.2030816376209259,0.3345336318016052,0.46426476538181305,4.37751037479066,0.5590924083002801,0.024319502082170333
462,15400.0,155.21303732505817,148.9914302072115,4.878985569674106,57.7002855612012,,-0.1991291344165802,0.3419206142425537,0.4687166064977646,6.221607117846673,0.5621659936494144,0.034564483988037076
464,15466.666666666666,155.00983622201363,145.71146075775914,4.181880473157167,57.53136607943516,,-0.1872347593307495,0.35004371404647827,0.4741319715976715,9.298375464254491,0.5586945428896586,0.0516576414680805
466,15533.333333333334,153.89091058057156,140.64486358336393,3.682670202742706,56.8257276696992,,-0.17748430371284485,0.35022538900375366,0.47668957710266113,13.246046997207628,0.5526216487409957,0.07358914998448682
468,15600.0,153.20393448016821,135.6554032999664,3.990951296898964,55.90564933564333,,-0.1731971800327301,0.3516841530799866,0.4797235280275345,17.54853118020182,0.5520952405601707,0.09749183989001012
470,15666.666666666666,146.84563827984053,131.06674298820928,4.072643990696626,54.44633167685569,,-0.17197027802467346,0.3508704900741577,0.4844604432582855,15.778895291631244,0.5509654681304371,0.08766052939795135
472,15733.333333333332,141.2234923313233,126.53380062797308,4.131728635568587,53.523447965716706,,-0.14879781007766724,0.34846967458724976,0.4868743121623993,14.689691703350235,0.5277360507984856,0.08160939835194575
474,15799.999999999998,138.66719930466107,122.70456773012805,4.268663618444258,53.327955285584856,,-0.12603482604026794,0.34625130891799927,0.48660606145858765,15.96263157453302,0.5058061288639955,0.08868128652518345
476,15866.666666666668,136.36375230970933,116.56481018120155,4.576990745265159,52.106073991207424,,-0.11172151565551758,0.3360368013381958,0.4885539561510086,19.798942128507775,0.49198557441653523,0.1099941229361543
478,15933.333333333334,130.87879021898408,114.1524583008485,4.611506554816888,52.83842684801557,,-0.09158101677894592,0.32740187644958496,0.4900335520505905,16.726331918135585,0.46752655724204784,0.09292406621186436
480,16000.0,74.54046527885765,173.43220462809043,4.761110239668589,54.290743653195385,,0.14706337451934814,-0.052869319915771484,0.4950164556503296,98.89173934923278,0.2281418866357927,0.5493985519401821
482,16066.666666666666,83.15930022467288,142.64983696934277,4.952382669770786,55.18766505188274,,0.03673642873764038,0.09300220012664795,0.49709218740463257,59.490536744669896,0.14510525131199783,0.33050298191483274
484,16133.333333333332,80.7596709853329,161.28952940528433,4.964645389524264,57.372173043113996,,0.17639678716659546,-0.044374048709869385,0.4998520165681839,80.52985841995142,0.27314240573604115,0.4473881023330635
486,16200.0,108.18573085279576,124.96769724394248,5.071043459018883,57.68723870594707,,0.05263262987136841,0.08721661567687988,0.5101493299007416,16.781966391146725,0.05466998780343896,0.0932331466174818
488,16266.666666666666,101.65048976932175,143.80460501186093,5.74153950533574,59.19891854549938,,0.026301026344299316,0.01457589864730835,0.5143103897571564,42.15411524253918,0.113558950890731,0.23418952912521765
490,16333.333333333332,107.34948764978509,126.80607831403867,6.212458088296586,60.421582885935734,,0.021313965320587158,0.07068318128585815,0.5182143449783325,19.456590664253582,0.0566089570170705,0.10809217035696435
492,16400.0,113.59924603313287,75.91770150280351,6.32420873691056,62.69374740564074,,0.007181107997894287,0.1969887614250183,0.519970566034317,37.68154453032936,0.24786438662230284,0.20934191405738534
494,16466.666666666664,117.5238298259617,71.55755042724851,6.211136274192303,64.12343864436014,,0.021007835865020752,0.20326381921768188,0.5211141705513,45.96627939871318,0.2659829022610994,0.2553682188817399
496,16533.333333333332,113.95854643706149,69.83171471761042,6.786010616606297,63.70608343275565,,0.03041917085647583,0.1929389238357544,0.5239020586013794,44.12683171945106,0.2507756360529789,0.24514906510806145
498,16600.0,103.23073933819556,68.26897261581193,6.986278125835769,65.9264181273596,,0.03304845094680786,0.18772661685943604,0.5264846682548523,34.96176672238363,0.24137414284762598,0.1942320373465757
500,16666.666666666668,75.94207393601232,96.28313457092543,6.441110593995141,67.31825780511407,,0.02735692262649536,0.12125802040100098,0.528225302696228,20.341060634913106,0.08542663962325152,0.11300589241618392
502,16733.333333333336,57.24231276328216,93.96979187753988,5.976439390549005,69.06084208404526,,0.12828612327575684,0.12497329711914062,0.5297714173793793,36.72747911425772,0.07559438639165586,0.2040415506347651
504,16800.0,62.396225898117926,97.57111279093246,5.858676712930765,68.40234661367633,,0.14868879318237305,0.10911381244659424,0.5306413173675537,35.174886892814534,0.09204143456264662,0.19541603829341408
506,16866.666666666668,84.11007631747138,83.7221376698737,6.699612815849474,69.99694906169803,,0.10999280214309692,0.031023383140563965,0.5324375927448273,0.3879386475976787,0.10745213582655368,0.002155214708875993
508,16933.333333333332,80.26052940615345,81.46826059021664,8.110410061117944,68.07494403626507,,0.09434813261032104,0.0582808256149292,0.5314927101135254,1.2077311840631921,0.06559454608330233,0.006709617689239956
510,17000.0,71.49869775536418,100.26982779027149,9.598113562943828,66.38819200139332,,0.011414051055908203,0.07833266258239746,0.5311116576194763,28.771130034907316,0.10768621889955035,0.15983961130504065
512,17066.666666666668,113.10458972161342,155.44435153027538,9.759668049881382,66.98531654201844,,0.10136210918426514,-0.3386097252368927,0.5278992354869843,42.33976180866196,0.4457539869769614,0.2352208989370109
514,17133.333333333332,108.74279313143857,109.4221532950568,10.871203601429308,66.65932512845157,,0.12004894018173218,-0.1271006464958191,0.524922251701355,0.6793601636182274,0.240988809938378,0.0037742231312123745
516,17200.0,71.4537392771862,119.86904266117949,11.486525785598026,68.12787285819921,,0.03892052173614502,0.06708985567092896,0.5216087102890015,48.41530338399329,0.08250788699936906,0.2689739076888516
518,17266.666666666664,101.18926402538402,122.21234980664272,11.649419505541642,72.41729452561503,,0.126895010471344,0.04113036394119263,0.5146350264549255,21.0230857812587,0.062260993700142236,0.11679492100699278
520,17333.333333333332,71.5907588017523,137.8247175318068,12.069828435621249,72.85454310280787,,0.0474587082862854,0.1246945858001709,0.514251321554184,66.23395873005451,0.1384871649739478,0.3679664373891917
522,17400.0,69.28173338182704,138.8115859640293,12.339231133112072,71.91418587580036,,0.008174240589141846,0.1487879753112793,0.5125951170921326,69.52985258220225,0.20978355855352057,0.3862769587900125
524,17466.666666666664,71.55421139152597,139.64047128725866,12.97320962969062,73.3445992422395,,0.005290508270263672,0.13925790786743164,0.5078488290309906,68.0862598957327,0.21020993543818386,0.3782569994207372
526,17533.333333333332,127.5313962438512,161.96058779441285,13.216460982174068,74.5170319540468,,0.2023138403892517,-0.023934125900268555,0.5078899562358856,34.42919155056164,0.17076696384518766,0.1912732863920091
528,17600.0,114.14998191595137,160.33549526050805,13.414864670559766,73.03341363737829,,0.22217345237731934,0.014661312103271484,0.5042676031589508,46.18551334455668,0.15090092676608713,0.2565861852475371
530,17666.666666666668,114.13748579514144,161.92037573095286,12.9244712562396,72.95519436653073,,0.16405773162841797,0.03820532560348511,0.49490879476070404,47.78288993581141,0.07015223149765416,0.26546049964339674
532,17733.333333333336,141.26668819851793,152.92240776012198,12.212568427623458,72.87087070099446,,0.2653229236602783,-0.10911345481872559,0.48902179300785065,11.655719561604059,0.31855908476993894,0.064753997564467
534,17800.0,146.50121303526046,151.07204690280832,11.630030680514336,74.54735609462692,,0.28494828939437866,-0.14453768730163574,0.4864054471254349,4.5708338675478615,0.37222036257998053,0.025393521486377007
536,17866.666666666668,150.76827777254886,157.62658767149787,11.316781999088594,76.37506350968923,,0.23854905366897583,-0.16309833526611328,0.4866095930337906,6.858309898949017,0.3425799206956448,0.03810172166082787
538,17933.333333333332,153.48523947979058,161.99253031946577,11.250143648979058,76.1762144594347,,0.2951098680496216,-0.17758777737617493,0.48185519874095917,8.507290839675193,0.41331885277412894,0.047262726887084404
540,18000.0,95.11716054838297,168.15695255573831,11.073944651863412,75.76703746150385,,0.1591247320175171,-0.1744491457939148,0.48345011472702026,73.03979200735535,0.27305912429848483,0.40577662226308525
542,18066.666666666668,148.29139316779202,166.44473159969473,10.86452055568954,77.17061238542556,,0.3136278986930847,-0.20787084102630615,0.48371072113513947,18.15333843190271,0.46073383640395965,0.10085188017723729
544,18133.333333333332,161.61074932027688,150.28986432286032,9.150890609229963,77.75460203072998,,0.3375805616378784,-0.2069411277770996,0.4827025830745697,11.320884997416556,0.505021504037448,0.0628938055412031
546,18200.0,160.91921084639415,139.68813971330957,7.954540777228329,78.09170739282987,,0.3478567600250244,-0.200686514377594,0.482477068901062,21.231071133084583,0.5233166437589848,0.11795039518380324
548,18266.666666666664,156.9558123201256,142.10631110508334,6.861518717826884,78.26639144073525,,0.34450119733810425,-0.18425077199935913,0.4830111414194107,14.849501215042267,0.5289769125371279,0.08249722897245704
550,18333.333333333332,150.835286856366,145.4519033037654,7.028057849000508,78.38404359112559,,0.3479474186897278,-0.18902355432510376,0.4837639331817627,5.3833835526006055,0.537466085518265,0.029907686403336697
552,18400.0,145.11699544018754,151.7225057232132,7.427230375068643,78.45449332393153,,0.35556530952453613,-0.1929539144039154,0.48543262481689453,6.605510283025666,0.5468864128018288,0.03669727935014259
554,18466.666666666664,140.88900500342243,153.28355376837794,8.230000096301811,78.63117305829857,,0.3629229664802551,-0.19600239396095276,0.48902466893196106,12.394548764955516,0.5526026171773119,0.06885860424975286
556,18533.333333333332,137.79625362200835,153.43711343628584,8.437837292612006,79.4963656333371,,0.3628203868865967,-0.19561177492141724,0.4875108152627945,15.64085981427749,0.5525251082677832,0.08689366563487495
558,18600.0,134.51283717107276,153.2631001033315,8.035681067057569,80.33080363497864,,0.3631601929664612,-0.18074876070022583,0.48844581842422485,18.75026293225875,0.5461627462252805,0.1041681274014375
560,18666.666666666668,130.6957883709136,151.97190224565378,7.770882806055424,82.04624315481519,,0.3638179898262024,-0.17485210299491882,0.4874165803194046,21.27611387474019,0.5411872753279976,0.1182006326374455
562,18733.333333333336,123.37265945653384,147.31350736664103,6.963496028086617,83.18376211877312,,0.3785387873649597,-0.17312762141227722,0.4865017384290695,23.940847910107195,0.5458103286922684,0.13300471061170663
564,18800.0,121.43793547569733,148.811040257677,6.352072759298483,84.22283297285418,,0.3816940188407898,-0.17008885741233826,0.4869176149368286,27.373104781979677,0.5436745183093721,0.15207280434433154
566,18866.666666666668,116.25860008055746,148.6463291896251,6.113827631385466,82.90084406545684,,0.3813527822494507,-0.15824156999588013,0.488404780626297,32.38772910906765,0.5333138418991256,0.17993182838370916
568,18933.333333333332,106.68211531342521,162.15506110690004,5.933176203609792,83.17865258444607,,0.3750227093696594,-0.14335644245147705,0.49129246175289154,55.47294579347482,0.5138324607456454,0.3081830321859712
570,19000.0,99.88622268048921,153.9035793342631,6.080429219061788,83.11664111267771,,0.35777783393859863,-0.11690175533294678,0.4904368668794632,54.01735665377389,0.48033626481028546,0.30009642585429935
572,19066.666666666668,91.54654646953574,148.12075854338997,6.304339301047267,82.83642322107889,,0.35146403312683105,-0.10021218657493591,0.49042782187461853,56.57421207385423,0.46110531778594327,0.314301178188079
574,19133.333333333332,96.31886694457731,143.43483130290699,7.066712550141011,81.26124157224687,,0.32587629556655884,-0.08917921781539917,0.492451474070549,47.11596435832968,0.427178718202462,0.261755357546276
576,19200.0,85.29550997013337,140.95583841175215,6.2708091443911025,77.68275278013118,,0.30523014068603516,-0.05941227078437805,0.5016264915466309,55.66032844161879,0.3944193970263558,0.30922404689788213
578,19266.666666666664,81.47937673739364,132.5306174040321,6.337274002515059,76.05141397875518,,0.29284071922302246,-0.042809903621673584,0.5146227478981018,51.05124066663848,0.37588877985627284,0.2836180037035471
580,19333.333333333332,86.17454783347905,126.96805691043376,6.526321625178333,76.02990767449441,,0.2689749598503113,-0.024150550365447998,0.5196937620639801,40.793509076954706,0.3409185773670473,0.2266306059830817
582,19400.0,83.05825609621931,153.1379855415602,7.2770820815102315,76.76208816570329,,0.2378963828086853,-0.11419659852981567,0.5217763483524323,70.07972944534089,0.3824271399582542,0.38933183025189383
584,19466.666666666664,80.71383545883879,126.71532069372508,7.6562759233079865,76.50581290675163,,0.21380901336669922,-0.0007014870643615723,0.5259784758090973,46.00148523488629,0.2657674342155426,0.25556380686047936
586,19533.333333333332,63.5204073706401,113.9636425176592,8.61712032921234,71.67794644314901,,0.165080726146698,0.05015534162521362,0.5284057557582855,50.443235147019095,0.1923149522318027,0.2802401952612172
588,19600.0,104.53083210068907,133.6538722354147,9.284085870727557,66.94979823990951,,-0.19015613198280334,0.07783478498458862,0.5264724493026733,29.123040134725628,0.2920949829576182,0.16179466741514237
590,19666.666666666668,78.89267492184975,147.2442601252839,10.259636807798598,68.96830014526014,,-0.04680055379867554,0.18372923135757446,0.5126963257789612,68.35158520343414,0.24853528365307156,0.37973102890796745
592,19733.333333333336,134.48260484863093,158.42669775851135,9.453874650492121,62.001637525615585,,-0.1831393837928772,0.28548961877822876,0.4692479968070984,23.944092909880425,0.4837366336989647,0.1330227383882246
594,19800.0,140.91670601475863,136.86737836377827,7.852464529281798,55.97705774599237,,-0.19578179717063904,0.3297572135925293,0.4736173003911972,4.049327650980359,0.5423140240217752,0.022496264727668663
596,19866.666666666668,107.83832302783878,137.38717198201294,6.960131534698124,59.66286001933522,,-0.06059974431991577,0.21965664625167847,0.47724178433418274,29.54884895417416,0.27956924911791153,0.16416027196763422
598,19933.333333333332,59.85821577703605,128.03650693853183,8.275088500347012,56.70025861541822,,0.15235686302185059,0.0847589373588562,0.5188596248626709,68.17829116149578,0.18928524587066256,0.3787682842305321
600,20000.0,105.9467119235519,82.5873287360868,9.051904415960973,70.45920596231883,,0.1218748688697815,0.008376359939575195,0.523343950510025,23.3593831874651,0.13834483180732363,0.12977435104147278
602,20066.666666666668,121.64811517002413,114.62494222828603,11.01418256442443,65.69557800469377,,0.24490177631378174,-0.08175539970397949,0.502464234828949,7.023172941738096,0.30350508417820715,0.039017627454100534
604,20133.333333333332,153.4912952818273,139.37699851692403,9.796364679473946,66.66735266822346,,0.3260950446128845,-0.19267898797988892,0.4854672700166702,14.114296764903258,0.5033946782408533,0.0784127598050181
606,20200.0,121.22992517377044,141.8550557538682,9.623945886000241,70.07310280533095,,0.33889269828796387,-0.1843162477016449,0.48564577102661133,20.625130580097775,0.5229794336986208,0.11458405877832097
608,20266.666666666664,91.53818796091554,135.0989281965093,5.930172098350182,78.81611335640879,,0.28543907403945923,-0.08465874195098877,0.5182317197322845,43.560740235593755,0.3889386751432354,0.2420041124199653
610,20333.333333333332,63.943872451033656,95.48199991572575,9.072516597598591,77.65557680898918,,0.1647944450378418,0.039891839027404785,0.5211428701877594,31.538127464692096,0.17515560155780455,0.1752118192482894
612,20400.0,69.90213236531277,150.00606158655327,11.396029248305451,65.27748878194637,,0.003883957862854004,0.11775463819503784,0.5085673332214355,80.1039292212405,0.14691432166614746,0.4450218290068917
614,20466.666666666664,110.10503202174984,157.1120536117202,10.14941953079582,61.02868304175318,,-0.14126470685005188,0.24757272005081177,0.4720083624124527,47.007021589970364,0.4047590436811111,0.2611501199442798
616,20533.333333333332,143.63660430760734,145.25076833179403,8.282570943224119,56.54548691955569,,-0.21447867155075073,0.3168436288833618,0.4639756381511688,1.6141640241866924,0.5304555449933727,0.00896757791214829
618,20600.0,125.67072522562836,120.68227132969078,7.796739769481228,56.80916887227563,,-0.13225549459457397,0.31995606422424316,0.46984662115573883,4.988453895937582,0.47595236722221085,0.027713632755208786
620,20666.666666666668,113.93797751131578,76.84838428614235,8.401495030329922,57.85260955771203,,-0.05842787027359009,0.23171532154083252,0.49434536695480347,37.08959322517343,0.3372593922394501,0.20605329569540795
622,20733.333333333336,74.54353682526153,110.57000248707999,9.040586542960689,74.84444262639765,,0.018274307250976562,0.10205507278442383,0.5158098042011261,36.02646566181846,0.13585793673087096,0.20014703145454701
624,20800.0,84.20632282904307,138.0742764397885,11.73149123035628,76.37658851448411,,-0.0049318671226501465,0.15462666749954224,0.51127690076828,53.86795361074542,0.231177141518226,0.29926640894858564
626,20866.666666666668,159.9078954642853,129.7955677103651,10.855201001541165,69.90227545368337,,0.30842411518096924,-0.19225043058395386,0.48841592669487,30.112327753920198,0.4472355063631193,0.1672907097440011
628,20933.333333333332,141.02470329618922,121.985633828646,9.859133704276456,71.01056828295671,,-0.13523951172828674,0.2672606110572815,0.48529210686683655,19.039069467543214,0.46913140631474526,0.10577260815301785
630,21000.0,103.19975457818859,129.8755571048931,6.841671591169791,77.95572776798186,,0.27813512086868286,-0.08303505182266235,0.48544156551361084,26.6758025267045,0.3647784948496611,0.1481989029261361
632,21066.666666666668,73.08130020413756,121.46377369712462,9.771780093003622,72.58911987271114,,0.19332313537597656,0.006370127201080322,0.5090973377227783,48.38247349298706,0.24126455648634942,0.2687915194054837
634,21133.333333333332,61.50538708703151,149.23859754998395,9.305798459029942,60.42515439557102,,0.07403910160064697,0.06919348239898682,0.5061139464378357,87.73321046295244,0.11664409319724964,0.48740672479418023
636,21200.0,93.51754504588615,159.61629087316297,7.56038292704713,66.38150499154433,,-0.07510876655578613,0.23673194646835327,0.4753351956605911,66.09874582727682,0.3260547205776047,0.3672152545959823
638,21266.666666666664,136.85993069615074,156.49734229582137,6.396005632322442,57.49668465154473,,-0.20354947447776794,0.3167966604232788,0.45982904732227325,19.637411599670628,0.5279737493913599,0.10909673110928127
640,21333.333333333332,133.60288714139713,132.5110267578835,5.072490461963955,55.70816473614452,,-0.15065684914588928,0.3343563675880432,0.4637644439935684,1.0918603835136196,0.5101002995919315,0.006065891019520109
642,21400.0,85.08916520132618,146.95379958248807,4.967431602300306,56.657216248070995,,0.1496295928955078,0.007993340492248535,0.4996713101863861,61.86463438116189,0.16971879223329991,0.34369241322867716
644,21466.666666666664,82.5585582329545,130.62741609887425,4.714785040237362,73.90389757864862,,0.16070514917373657,-0.1497425138950348,0.5110857486724854,48.06885786591975,0.3324367649225621,0.26704921036622087
646,21533.333333333332,80.06156093397016,150.55136277505838,7.9036501783684425,81.55343941307478,,0.08545839786529541,-0.029713034629821777,0.5085109770298004,70.48980184108822,0.08988110432100009,0.3916100102282679
648,21600.0,161.0386242036399,159.54579170344337,9.226048013280487,72.1831310808442,,0.276269793510437,-0.15927588939666748,0.4953223615884781,1.4928325001965277,0.40841255090718614,0.00829351388998071
650,21666.666666666668,116.36713768669642,175.40764049678748,9.252539001418818,74.02698529895905,,0.32146507501602173,-0.21216639876365662,0.48810313642024994,59.040502810091056,0.5124387807461843,0.32800279338939475
652,21733.333333333336,100.32666778947072,144.01085292791927,7.844587550447519,70.25673803733812,,0.31833547353744507,-0.12785643339157104,0.48808223009109497,43.684185138448555,0.4650678902405467,0.2426899174358253
654,21800.0,164.86918093742122,160.36792450262644,11.459638981298982,53.873880818804885,,-0.16508567333221436,0.2907974123954773,0.46671319007873535,4.501256434794783,0.46467615735022655,0.02500698019330435
656,21866.666666666668,162.70970195101268,135.96204007638644,9.997448348272114,51.39301346200697,,-0.20081698894500732,0.3333805203437805,0.4697429686784744,26.747661874626232,0.5584308615548322,0.1485981215257013
658,21933.333333333332,116.69251255797903,116.69653150957645,8.769039568202897,53.19579281078486,,-0.06761819124221802,0.2817259430885315,0.49108274281024933,0.004018951597416276,0.3931777766147265,2.2327508874534865e-05
660,22000.0,63.30872777131022,141.25949922965563,9.482312470367956,55.86128601623772,,0.15596222877502441,-0.060420334339141846,0.51652991771698,77.95077145834541,0.25078840192907154,0.4330598414352523
